{"cameraMode":{"drawMode":0,"name":"Shaded","section":"Shading Mode"},"sceneLighting":true,"audioPlay":false,"sceneViewState":{"m_AlwaysRefresh":false,"showFog":true,"showSkybox":true,"showFlares":true,"showImageEffects":true,"showParticleSystems":true,"showVisualEffectGraphs":true,"m_FxEnabled":true},"in2DMode":false,"pivot":{"x":-0.6850985884666443,"y":3.8978540897369386,"z":-6.916617393493652},"rotation":{"x":-0.1318887621164322,"y":-0.20741160213947297,"z":0.028300493955612184,"w":-0.9688559770584106},"size":3.643354654312134,"orthographic":false}